drop database database;
create database scl;
use scl;



INSERT INTO app1_badmintonhall (badminton_hall_id, name, address) VALUES
('H0001', 'Sunshine Badminton Hall', '123 Main Street, Hanoi'),
('H0002', 'Galaxy Badminton Hall', '456 Nguyen Trai, Ho Chi Minh City');

INSERT INTO app1_booking (booking_id, booking_type, date, start_time, end_time, status, court_id_id, customer_id_id, slot_id_id) VALUES
('B0001', 'fixed', '2024-01-01', '08:00:00.000000', '09:00:00.000000', 1, 'C0001', 'C0001', 'S0001'),
('B0002', 'daily', '2024-01-02', '10:00:00.000000', '11:30:00.000000', 1, 'C0002', 'C0002', 'S0002'),
('B0003', 'flexible', '2024-02-05', '14:00:00.000000', '15:00:00.000000', 1, 'C0003', 'C0003', 'S0003'),
('B0004', 'daily', '2024-02-10', '09:30:00.000000', '11:00:00.000000', 1, 'C0004', 'C0004', 'S0004'),
('B0005', 'flexible', '2024-03-03', '16:00:00.000000', '17:00:00.000000', 0, 'C0005', 'C0005', 'S0005'),
('B0006', 'daily', '2024-03-15', '11:00:00.000000', '12:30:00.000000', 1, 'C0006', 'C0006', 'S0006'),
('B0007', 'flexible', '2024-04-01', '17:30:00.000000', '18:30:00.000000', 0, 'C0007', 'C0007', 'S0007'),
('B0008', 'fixed', '2024-04-10', '13:30:00.000000', '15:00:00.000000', 1, 'C0008', 'C0008', 'S0008'),
('B0009', 'daily', '2024-05-05', '15:30:00.000000', '16:30:00.000000', 1, 'C0009', 'C0009', 'S0009'),
('B0010', 'flexible', '2024-05-20', '12:00:00.000000', '13:30:00.000000', 1, 'C0010', 'C0010', 'S0010');

INSERT INTO app1_court (court_id, badminton_hall_id, name, image, status) VALUES
('C0001', 'H0001', 'Court A1', NULL, 'empty'),
('C0002', 'H0001', 'Court A2', NULL, 'booked'),
('C0003', 'H0001', 'Court A3', NULL, 'under_maintenance'),
('C0004', 'H0002', 'Court B1', NULL, 'empty'),
('C0005', 'H0002', 'Court B2', NULL, 'booked'),
('C0006', 'H0002', 'Court B3', NULL, 'under_maintenance');

INSERT INTO app1_courtmanager (courtManager_id, user_id, payment_account_id) VALUES
('CM001', 201, 1),
('CM002', 202, 2),
('CM003', 203, 3),
('CM004', 204, 4),
('CM005', 205, 5),
('CM006', 206, 6),
('CM007', 207, 7),
('CM008', 208, 8),
('CM009', 209, 9),
('CM010', 210, 10);

INSERT INTO app1_courtstaff (court_staff_id, court_id, user_id) VALUES
('CS001', 'C0001', 101),
('CS002', 'C0002', 102),
('CS003', 'C0003', 103),
('CS004', 'C0004', 104),
('CS005', 'C0005', 105),
('CS006', 'C0006', 106),
('CS007', 'C0007', 107),
('CS008', 'C0008', 108),
('CS009', 'C0009', 109),
('CS010', 'C0010', 110);

INSERT INTO app1_customer (customer_id, date_of_birth, user_id) VALUES
('CU001', '1990-05-15', 301),
('CU002', '1988-10-22', 302),
('CU003', '1995-07-08', 303),
('CU004', '2000-12-30', 304),
('CU005', '1993-03-25', 305),
('CU006', '1985-09-14', 306),
('CU007', '1998-06-18', 307),
('CU008', '2001-11-05', 308),
('CU009', '1996-04-20', 309),
('CU010', '1989-08-27', 310);

INSERT INTO app1_payment (payment_id, amount, payment_date, status, booking_id_id, customer_id_id, payment_account_id) VALUES
('P0001', 500000.00, '2024-01-01 08:30:00.000000', 1, 'B0001', 'C0001', 1001),
('P0002', 300000.00, '2024-01-02 10:15:00.000000', 1, 'B0002', 'C0002', 1002),
('P0003', 450000.00, '2024-02-05 14:45:00.000000', 1, 'B0003', 'C0003', 1003),
('P0004', 600000.00, '2024-02-10 09:20:00.000000', 1, 'B0004', 'C0004', 1004),
('P0005', 350000.00, '2024-03-03 16:00:00.000000', 0, 'B0005', 'C0005', 1005),
('P0006', 700000.00, '2024-03-15 11:10:00.000000', 1, 'B0006', 'C0006', 1006),
('P0007', 250000.00, '2024-04-01 17:30:00.000000', 0, 'B0007', 'C0007', 1007),
('P0008', 800000.00, '2024-04-10 13:50:00.000000', 1, 'B0008', 'C0008', 1008),
('P0009', 400000.00, '2024-05-05 15:40:00.000000', 1, 'B0009', 'C0009', 1009),
('P0010', 900000.00, '2024-05-20 12:25:00.000000', 1, 'B0010', 'C0010', 1010);

INSERT INTO app1_paymentaccount (accountHolder, accountNumber, paymentMethod, created_at, updated_at) VALUES
('Nguyễn Văn Hy', '1234567890', 'CreditCard', '2024-01-01 08:00:00.000000', '2024-01-10 10:30:00.000000'),
('Trần Thị Binh', '9876543210', 'BankTransfer', '2024-01-05 09:15:00.000000', '2024-01-12 12:45:00.000000'),
('Lê Văn Chung', '1122334455', 'Paypal', '2024-02-01 14:00:00.000000', '2024-02-07 16:20:00.000000'),
('Phạm Thị Dung', '5566778899', 'Momo', '2024-02-15 11:10:00.000000', '2024-02-20 13:30:00.000000'),
('Hoàng Văn Nam', '6677889900', 'Zalopay', '2024-03-01 07:45:00.000000', '2024-03-10 09:50:00.000000'),
('Võ Thị Ny', '4455667788', 'BankTransfer', '2024-03-20 15:20:00.000000', '2024-03-25 18:10:00.000000'),
('Đặng Văn Giang', '2233445566', 'CreditCard', '2024-04-05 10:30:00.000000', '2024-04-10 12:40:00.000000'),
('Lý Thị Han', '9988776655', 'Paypal', '2024-04-15 14:50:00.000000', '2024-04-20 17:00:00.000000'),
('Trương Văn Kieu', '3344556677', 'Momo', '2024-05-01 16:10:00.000000', '2024-05-07 19:15:00.000000'),
('Phan Thị My', '7766554433', 'Zalopay', '2024-05-10 08:20:00.000000', '2024-05-15 10:25:00.000000');

INSERT INTO app1_revenuereport (revenueReport_id, total_revenue, generated_at, badminton_hall_id) VALUES
('R0001', 500000000.00, '2024-01-01 10:00:00.000000', 'H0001'),
('R0002', 550000000.00, '2024-02-01 10:00:00.000000', 'H0001'),
('R0003', 600000000.00, '2024-03-01 10:00:00.000000', 'H0002'),
('R0004', 580000000.00, '2024-04-01 10:00:00.000000', 'H0002'),
('R0005', 620000000.00, '2024-05-01 10:00:00.000000', 'H0001'),
('R0006', 700000000.00, '2024-06-01 10:00:00.000000', 'H0003'),
('R0007', 720000000.00, '2024-07-01 10:00:00.000000', 'H0003'),
('R0008', 750000000.00, '2024-08-01 10:00:00.000000', 'H0002');

INSERT INTO app1_revenuereport_payments (revenuereport_id, payment_id) VALUES
('R0001', 'P0001'),
('R0001', 'P0002'),
('R0002', 'P0003'),
('R0002', 'P0004'),
('R0003', 'P0005'),
('R0003', 'P0006'),
('R0004', 'P0007'),
('R0004', 'P0008'),
('R0005', 'P0009'),
('R0005', 'P0010');

INSERT INTO app1_slot (slot_id, court_id, template_id) VALUES
('S001', 'C0001', 'T001'),
('S002', 'C0001', 'T002'),
('S003', 'C0002', 'T003'),
('S004', 'C0002', 'T004'),
('S005', 'C0003', 'T005'),
('S006', 'C0003', 'T006'),
('S007', 'C0004', 'T007'),
('S008', 'C0004', 'T008'),
('S009', 'C0005', 'T009'),
('S010', 'C0005', 'T010');

INSERT INTO app1_systemadmin (systemAdmin_id, user_id) VALUES
('SA001', 401),
('SA002', 402),
('SA003', 403),
('SA004', 404),
('SA005', 405),
('SA006', 406),
('SA007', 407),
('SA008', 408),
('SA009', 409),
('SA010', 410);
INSERT INTO app1_timeslottemplate VALUES
('TMP01', 'Monday', '05:00-17:00', 60, 70, 60, 'available'),
('TMP02', 'Monday', '17:00-22:00', 110, 120, 110, 'available'),
('TMP03', 'Monday', '22:00-24:00', 60, 60, 60, 'available'),
('TMP04', 'Tuesday', '05:00-17:00', 60, 70, 60, 'available'),
('TMP05', 'Tuesday', '17:00-22:00', 110, 120, 110, 'available'),
('TMP06', 'Tuesday', '22:00-24:00', 60, 60, 60, 'available'),
('TMP07', 'Wednesday', '05:00-17:00', 60, 70, 60, 'available'),
('TMP08', 'Wednesday', '17:00-22:00', 110, 120, 110, 'available'),
('TMP09', 'Wednesday', '22:00-24:00', 60, 60, 60, 'available'),
('TMP10', 'Thursday', '05:00-17:00', 60, 70, 60, 'available'),
('TMP11', 'Thursday', '17:00-22:00', 110, 120, 110, 'available'),
('TMP12', 'Thursday', '22:00-24:00', 60, 60, 60, 'available'),
('TMP13', 'Friday', '05:00-17:00', 60, 70, 60, 'available'),
('TMP14', 'Friday', '17:00-22:00', 110, 120, 110, 'available'),
('TMP15', 'Friday', '22:00-24:00', 60, 60, 60, 'available'),
('TMP16', 'Saturday', '05:00-17:00', 90, 100, 90, 'available'),
('TMP17', 'Saturday', '17:00-22:00', 110, 120, 110, 'available'),
('TMP18', 'Saturday', '22:00-24:00', 60, 60, 60, 'available'),
('TMP19', 'Sunday', '05:00-17:00', 100, 100, 100, 'available'),
('TMP20', 'Sunday', '17:00-22:00', 100, 100, 100, 'available'),
('TMP21', 'Sunday', '22:00-24:00', 120, 120, 120, 'available');





